{"cameraMode":{"drawMode":0,"name":"Shaded","section":"Shading Mode"},"sceneLighting":true,"audioPlay":false,"sceneViewState":{"showFog":true,"showMaterialUpdate":true,"showSkybox":true,"showFlares":true,"showImageEffects":true,"showParticleSystems":true},"in2DMode":false,"pivot":{"x":-9.468244552612305,"y":-5.354384422302246,"z":14.337093353271485},"rotation":{"x":0.06547423452138901,"y":-0.9171172380447388,"z":0.16916057467460633,"w":0.35497358441352847},"size":4.166025161743164,"orthographic":false}